n train,train time,train C,test C,train brier,test brier
5000,3389.73,0.941249307361951,0.6099723830942587,0.03864021694082443,0.1599858155410301
5000,2786.94,0.9447950461010484,0.6168330809789953,0.03875681902821678,0.1678504909046902
5000,2466.3,0.9430641491607914,0.5989846075739044,0.03826526441157475,0.16608507706748385
5000,2491.56,0.9425975919259743,0.6172655626964395,0.038272796783262876,0.17728868327942937
5000,2652.29,0.9427221211418045,0.6124639848322864,0.037640653897406263,0.17023871346399067
