n train,train time,train C,test C,train brier,test brier
10000,10760.26,0.9426639110859927,0.6257271177413241,0.037606044438596664,0.16430254331246116
10000,5470.44,0.9356015034081283,0.6325940968776683,0.037757386387606895,0.16073196802778
