n train,train time,train C,test C,train brier,test brier
8000,4500.55,0.9226148197570609,0.5096622034595346,0.03965950669213279,0.19086087748246786
8000,4791.33,0.9255464542219097,0.5121286367828147,0.03994304367650157,0.22151249480137095
8000,4448.63,0.9240087739284785,0.5177598788192129,0.04008040062308864,0.18068410777346947
8000,4496.87,0.925375428009651,0.5007654416598377,0.03990472013412334,0.1954264871034905
8000,4324.55,0.9238830418959424,0.5124939212005799,0.040041318184124874,0.17568975313804652
