n train,train time,train C,test C,train brier,test brier
10000,6447.55,0.9252723647641611,0.6841247928724353,0.03569259557121779,0.15161464942882308
10000,6365.75,0.9256007990000056,0.6963081111613684,0.03629626768347366,0.15144683322100652
