n train,train time,train C,test C,train brier,test brier
8000,2003.47,0.9213573145939336,0.6791126838763478,0.03635483035200516,0.15533764621816304
8000,2024.22,0.9194844122323775,0.6891489762307198,0.03694069352954961,0.1535806690793487
8000,2016.37,0.9201843241568876,0.6778433035366603,0.03666648669360258,0.15575624750152833
8000,2017.37,0.9175581542875413,0.6886950405412986,0.03681944868201879,0.16149640663732223
8000,1955.75,0.9208167510850777,0.6767845345377763,0.0357484803094531,0.15412374103782228
