n train,train time,train C,test C,train brier,test brier
8000,3199.32,0.9156022640200482,0.6720876997528114,0.03753176370414919,0.1674476450860845
8000,3417.5,0.914695929738792,0.6654681790713742,0.03717215631410074,0.15260916428315732
