"n.train","train.C","test.C"
100,0.793017456359102,0.85988943898053
100,0.771498771498772,0.838141310136694
100,0.817966903073286,0.886867283604831
100,0.833333333333333,0.800944173514151
100,0.819277108433735,0.834559722561857
500,0.782581397434748,0.860444464178674
500,0.766064077322355,0.877219066216936
500,0.806916170326251,0.892603464115261
500,0.794515637601936,0.858195826931213
500,0.770604518260559,0.877042438254452
