n train,train time,train C,test C,train brier,test brier
5000,3687.02,0.9400211784186303,0.7014233922745691,0.030682051808114546,0.13564470245328325
5000,3447.84,0.941690802130242,0.6903033422272786,0.030838256100695793,0.13901715135078743
5000,3433.34,0.9427860551387579,0.7068826256108341,0.03120692145412067,0.1383502910594562
5000,3324.81,0.9408063336650427,0.702057852535337,0.03083514665046289,0.12958301264373936
