n train,train time,train C,test C,train brier,test brier
8000,2366.22,0.9292770134815209,0.7106974360588086,0.03365840598330124,0.1432472899102929
8000,2321.86,0.9283718319951648,0.689639308676825,0.033335533900530456,0.14112004563133923
8000,2285.14,0.9276348529655608,0.6773046851256098,0.03384280548729488,0.14248238341378724
8000,2266.05,0.9299264226912172,0.6964740942874582,0.03363805627683677,0.13618573372684506
8000,2298.53,0.9306869662319046,0.6911719192982535,0.032691190268513644,0.14081020494073412
