n train,train time,train C,test C,train brier,test brier
8000,4000.91,0.9231094973298156,0.6537479537324593,0.03379587595854939,0.15645144445328396
