n train,train time,train C,test C,train brier,test brier
8000,2363.33,0.9301172127214559,0.7268989806929699,0.03390424933134378,0.1326972691596166
8000,2443.45,0.9298721926143734,0.7339535849231605,0.032638073368213776,0.13569750770304273
8000,2439.91,0.9299610022276156,0.7260642234057358,0.034295265154375205,0.1610105422803572
8000,2402.56,0.9306317357276294,0.7305213386984583,0.03273231462959607,0.14503580002724747
8000,2345.49,0.9297872410540774,0.7231866961290947,0.03263991901489129,0.12807466587454044
