n train,train time,train C,test C,train brier,test brier
10000,3763.86,0.9325499352928733,0.7491346385362524,0.031902398568960794,0.1512936400819013
10000,3712.15,0.9341309859603707,0.7441645461509337,0.031521226990746075,0.13745975821720707
