n train,train time,train C,test C,train brier,test brier
8000,4430.33,0.9234483689862313,0.5117404748880876,0.04044132493764609,0.18112213614338546
8000,4393.29,0.9267876235412909,0.5081289561449281,0.04084343767959311,0.18131187031840806
8000,4672.96,0.9239561277003505,0.4935636686633111,0.039991303027733585,0.17503662195937167
8000,4153.9,0.9225503275165864,0.5206900437192951,0.04034648128455622,0.18406743180333335
8000,4445.78,0.9238769607401471,0.5201748471671048,0.04057340061096109,0.1605493888516249
