n train,train time,train C,test C,train brier,test brier
8000,2907.4,0.9274996896666902,0.6250869023414443,0.03460779945564669,0.1721988603989797
8000,2921.78,0.9277300752832746,0.67755281110843,0.035030719695302116,0.17169664136499235
8000,3080.21,0.9270752324900509,0.6500500386263081,0.03469002973213888,0.16670630370114747
8000,2897.0,0.9287060393048352,0.6734718739755642,0.034046700237500185,0.1534628816517155
8000,2930.51,0.9266279569475766,0.6520502279988286,0.03520512686549701,0.16284252930180285
