n train,train time,train C,test C,train brier,test brier
8000,3378.02,0.933827500092869,0.6146299684211753,0.03970705775262469,0.15926377494769578
8000,3531.65,0.9357202438026021,0.6269481871189972,0.038334705386344495,0.1646320647787517
8000,3305.22,0.9331319593856775,0.6029815613966262,0.03838034266666664,0.1643534447449178
8000,3220.82,0.9355415807591075,0.6150021109912277,0.038371878887821335,0.16635686843344608
8000,3358.37,0.933811696124002,0.601210482306275,0.03840890159686854,0.17149304221283201
