n train,train time,train C,test C,train brier,test brier
10000,10760.95,0.9422793127863405,0.6349677056222686,0.037506684700409736,0.16486654714944282
10000,5310.19,0.9349952345520932,0.6044608035446426,0.0379953164389059,0.1638939348965873
