n train,train time,train C,test C,train brier,test brier
5000,4512.29,0.936942546449972,0.5984247349552261,0.03355441047859133,0.18341116258002038
5000,5023.01,0.9359680400732344,0.6090876860995256,0.033283458702947494,0.15257444497418202
5000,4829.38,0.9361359361051819,0.599665489351261,0.03394333798449184,0.17691503875402806
5000,3983.53,0.9384336696987334,0.5981287487154457,0.03372622617370621,0.16839650628237812
