n train,train time,train C,test C,train brier,test brier
5000,6191.2,0.9163872470043233,0.5825535330631708,0.036137008403060465,0.19381327525899086
5000,2566.26,0.916138806551302,0.5983746967677549,0.03616331041946807,0.17283957329226335
5000,2627.88,0.9188346482356413,0.6054229189151551,0.03708933987900467,0.18625104193621056
5000,2452.37,0.9152199090636765,0.6082804133711225,0.03713037073082549,0.16413356819566371
5000,2471.07,0.9158621939076079,0.5762422215628134,0.037126798511955085,0.16739499791946696
