n train,train time,train C,test C,train brier,test brier
8000,3543.94,0.9207369681031647,0.5394827062448466,0.04182993709654721,0.17623794836078324
8000,3667.33,0.9200398482836355,0.5267941763954465,0.042798766647714634,0.18386451314777597
8000,3713.59,0.9175359759803954,0.5482049283647661,0.0422471949184475,0.17568591797875974
8000,3857.19,0.919757144187366,0.5409684697865257,0.042532856072948357,0.18295846694253004
