n train,train time,train C,test C,train brier,test brier
8000,3543.94,0.9207369681031647,0.5394827062448466,0.04182993709654721,0.17623794836078324
