n train,train time,train C,test C,train brier,test brier
8000,3543.94,0.9207369681031647,0.5394827062448466,0.04182993709654721,0.17623794836078324
8000,3725.09,0.9209242334780825,0.5214630015633143,0.04171076618126799,0.18525197627138068
