n train,train time,train C,test C,train brier,test brier
10000,3628.15,0.9304328779440965,0.7053240370739746,0.0324882180877019,0.1337703800209466
10000,3536.37,0.9311394174051283,0.7019810778787117,0.032559769180948446,0.13281704551839157
