n train,train time,train C,test C,train brier,test brier
8000,3969.76,0.9230893923970018,0.6671509149340854,0.034690691468137115,0.15978786535591885
8000,4111.68,0.9238273886209429,0.7115405707767566,0.03438408546581037,0.16226963265797703
8000,4198.86,0.922235998690417,0.6876722159710101,0.03482452159994076,0.1396824931702323
8000,3394.53,0.9235212880492186,0.6999508993348291,0.03443096427434507,0.14103206573108695
