n train,train time,train C,test C,train brier,test brier
500,16.0,0.9287205926952905,0.5327743292275271,0.03872732959260124,0.2243666403438934
500,13.49,0.9266314238668862,0.5370240360832871,0.03871200747422783,0.18308753648151418
500,14.45,0.930209854251082,0.5394783796957142,0.03779700381835953,0.20028363510959873
500,15.22,0.926279589414147,0.536775133644105,0.039339250020446456,0.20391450633784236
500,14.37,0.9299114212623776,0.5132079108845055,0.03552449542719645,0.21173066581779054
