n train,train time,train C,test C,train brier,test brier
500,14.39,0.9347369521834232,0.5216374040752956,0.036320918295529366,0.2073386565349692
500,14.32,0.9250086505190311,0.5426308372190132,0.03938162481569666,0.1850228523329333
500,15.04,0.9260044662177368,0.5344244365623332,0.0402646206898482,0.19242585018590883
500,16.23,0.9299907133220024,0.5262191429371431,0.03987472882995077,0.18377185264325546
500,15.53,0.9203052985410819,0.5080936367494858,0.04029114737197535,0.1947232935360484
