n train,train time,train C,test C,train brier,test brier
10000,10074.67,0.9435853887237768,0.6988088421348048,0.030736433725524565,0.13898311899223548
