n train,train time,train C,test C,train brier,test brier
8000,4093.11,0.9247955594385887,0.6908943339109834,0.034095111915235836,0.18287183831157325
8000,4282.32,0.923123503733799,0.6783005661530829,0.034724161185407894,0.1565401103562315
8000,3498.8,0.9249825663122964,0.6857183119059205,0.03399688027895451,0.15843306023574102
