n train,train time,train C,test C,train brier,test brier
5000,3955.42,0.9382045246560616,0.5722113112382128,0.03352701146585381,0.18214630176817287
5000,4096.92,0.9383722406449079,0.5716140867069871,0.03428665542761139,0.17458128869971454
5000,4199.53,0.9413302797895012,0.6072151591221961,0.033408320335152154,0.1657745695371278
5000,3946.0,0.938415516554462,0.5816463345114582,0.03334275303498372,0.17888614362994448
