n train,train time,train C,test C,train brier,test brier
5000,4106.83,0.9403873612921524,0.6033805388514434,0.03452357442187218,0.15911069106408632
5000,3877.82,0.9384002145993111,0.6056748275119807,0.033694908701352416,0.16345624262272004
5000,3971.12,0.9380714987465139,0.5916328477457452,0.03367076557994768,0.1781698628678117
5000,4339.9,0.9383229421591122,0.5890006622022632,0.033748889996405226,0.17336483714798714