n train,train time,train C,test C,train brier,test brier
5000,3832.14,0.9393993713403757,0.5828709605709075,0.034181791112127116,0.16418939165733396
5000,3849.37,0.9387302106064742,0.6115158333068726,0.03417187720207,0.17119729100997713
5000,3833.17,0.9352262763518753,0.5964790269834732,0.033415390406034376,0.18926987608177215
5000,4065.74,0.9363309354449019,0.5798963299161273,0.03465557093773371,0.18945664878697607
