n train,train time,train C,test C,train brier,test brier
5000,4023.91,0.9377083945694669,0.5938468008519605,0.034128751881058794,0.19003455359229351
5000,3984.56,0.9393581486939154,0.581051720562913,0.03402322071495299,0.1888189531832484
5000,3655.61,0.9384000751616549,0.579809510789072,0.034181120589355296,0.17150746378145168
5000,4230.5,0.9396926791486536,0.5736608698193065,0.03343182673171556,0.18891865134954278
