n train,train time,train C,test C,train brier,test brier
8000,4310.34,0.9216288437824656,0.48837730975336197,0.04048678722974952,0.21207588436318908
8000,3963.9,0.9239573752795756,0.5137938144797097,0.04011718749693131,0.20666079192980685
8000,4478.1,0.9229551525465121,0.5016871467218728,0.040065008098523806,0.21256802990006943
8000,4341.14,0.9260999046220507,0.4872494000117956,0.039401766654474216,0.20502352558349013
8000,4176.62,0.923209746228645,0.5156264193448759,0.03992925033318416,0.20210980749474228
8000,4206.41,0.9230945341542527,0.4861499767750122,0.04072437158327556,0.2125562240212808
8000,3940.64,0.922508625908054,0.511453114626315,0.04017893137974952,0.2062789630249494
8000,4367.65,0.9233919724511567,0.503886200654066,0.039740440919607156,0.21096617550705118
8000,4270.94,0.9270674641014605,0.48990794887964395,0.0397147982424126,0.20499469842633444
