n train,train time,train C,test C,train brier,test brier
5000,4040.31,0.9414344468125097,0.702457844449992,0.030713757605801636,0.14775464680245814
5000,3877.94,0.9440142238789763,0.7036237300958282,0.030628029644176512,0.15145587335176755
5000,4622.74,0.9434891862411865,0.7055465880120679,0.031011840615629494,0.14679071910380237
