n train,train time,train C,test C,train brier,test brier
5000,4002.63,0.942954686669545,0.7168352049716529,0.03170060144742186,0.1359682934295428
5000,4282.36,0.9436240710455593,0.7252302945046967,0.03050037737574772,0.12472309554034837
5000,3967.94,0.9421909702563775,0.7105539979864469,0.030630395089056153,0.14880710860114524
