n train,train time,train C,test C,train brier,test brier
10000,3634.13,0.9285874228456709,0.6993846720045959,0.033468156247436376,0.13476447919705767
