n train,train time,train C,test C,train brier,test brier
10000,12044.96,0.937566941041007,0.6321125184986658,0.03767469288187741,0.15577346277384804
10000,11469.95,0.9363392885083823,0.6316836104579359,0.037135844915737584,0.1611084807795298
