n train,train time,train C,test C,train brier,test brier
8000,3839.0,0.9319263848048388,0.6120838528496685,0.03829307262406817,0.15803932659815498
8000,3571.54,0.9303566948054534,0.6218731902007438,0.03811912428045835,0.16631225352076254
8000,3567.17,0.9295938940840142,0.6208847760367388,0.03756083108495456,0.1616382726937117
8000,3546.66,0.9303593315710276,0.6224281090209692,0.03767017105940951,0.16828115303869973
8000,3771.82,0.9303097906340675,0.6265113559870776,0.037993367130433345,0.16733095726939817
