n train,train time,train C,test C,train brier,test brier
8000,6535.5,0.9256641656704254,0.5689329106518456,0.03642198837861603,0.15630266944715504
8000,4697.67,0.9244996329090662,0.5833858636433222,0.03612034190685443,0.16889996553961412
8000,4791.65,0.9237730192317232,0.5829352761252028,0.0360969807650251,0.1620356449659729
