"n.train","train.C","test.C"
100,0.71571072319202,0.596252469862132
100,0.771498771498772,0.614037812888337
100,0.754137115839243,0.654529565977279
100,0.754761904761905,0.656311933551562
100,0.742168674698795,0.601649512037881
500,0.737375549376626,0.703727549230735
500,0.783515303382853,0.770015977276762
500,0.780602720241799,0.787985390665263
500,0.767631508199659,0.734629345090966
500,0.771408161442986,0.798034813151635
