n train,train time,train C,test C,train brier,test brier
5000,3308.12,0.9310724046611352,0.6384829200990504,0.033799783002123183,0.15581903033142458
5000,3103.76,0.9285566838466686,0.6448016383613692,0.03373859670860753,0.15253634750682007
5000,3168.68,0.9292235336603483,0.6419104557820844,0.03309434927496376,0.14800817713428813
5000,3129.81,0.9299735009399331,0.6665611963475853,0.03408562897261125,0.15613449580049388
5000,2898.06,0.930741037537851,0.6595008571364962,0.033256195123230824,0.18022806916834835
