n train,train time,train C,test C,train brier,test brier
10000,6932.19,0.9359677260158634,0.725871598400543,0.03261500982087147,0.13891712225739297
10000,6900.13,0.9362015763910316,0.7174543692312503,0.032321829903284006,0.13480433981268308
