n train,train time,train C,test C,train brier,test brier
8000,2150.08,0.9305878876733674,0.7109671589859317,0.03412342644312859,0.1443472434023884
8000,2205.53,0.9315135383031612,0.7021119793469547,0.0331437971384292,0.13933539083289626
8000,2201.07,0.9308561419178435,0.6930230778062689,0.033040777878078104,0.13866125869218496
8000,2146.08,0.9299936213849531,0.6940796560267136,0.033614218245596454,0.1352412875168812
8000,2159.67,0.9301304054334327,0.6938624293204598,0.03277144256065293,0.13649539559971102
