n train,train time,train C,test C,train brier,test brier
8000,6828.51,0.9248202446430519,0.592330054377157,0.036970281215704476,0.1462380518161551
8000,4741.76,0.925693572377399,0.5978684701072519,0.036245168942543884,0.15688135064998115
8000,4795.3,0.9247392820662853,0.6051075549818886,0.035784125480004494,0.14842898380575043
