n train,train time,train C,test C,train brier,test brier
8000,4142.46,0.9242432669965743,0.5238002491224097,0.04049296772866236,0.16729461894701836
8000,4236.64,0.9228222588894114,0.5194188125248294,0.040284048586368845,0.17748089413443652
8000,4156.64,0.9212048006421685,0.5212284927037969,0.040337294831542414,0.18339853875236464
8000,4363.61,0.9244041517508865,0.49726556631590274,0.03990349803522067,0.18925661633927002
8000,4326.38,0.9266010238847348,0.5103215166014209,0.03999755255512867,0.18434287433194566
