"n.train","train.C","test.C"
100,0.607297605473204,0.490067519111172
100,0.731296337901595,0.63144795982864
100,NA,NA
100,0.831831171686085,0.659164319889733
100,0.61606746560142,0.512169840386531
500,0.805302241899353,0.784532871213284
500,0.806259838711096,0.786341649694501
500,0.834099007825601,0.844930316212888
500,0.81600696337196,0.770798975711684
500,0.79428887057462,0.799393353261825
