n train,train time,train C,test C,train brier,test brier
8000,2985.81,0.9400184838695889,0.7024453818980004,0.031539773032633715,0.14129034789112063
8000,3087.75,0.9414273971548254,0.6924211632717044,0.031516009789044466,0.1356980805201577
8000,3020.99,0.9389966726194567,0.6893144335380081,0.03205938209366262,0.13807269097963756
8000,3175.91,0.9385493574876689,0.690778124488253,0.03181995939561991,0.14451876245118467
8000,3083.47,0.9372267821270941,0.6964968759783837,0.03307044089045818,0.13921332958343335
