n train,train time,train C,test C,train brier,test brier
10000,4656.66,0.9389570573564394,0.7053451596622299,0.0314113636096017,0.13647134867611438
10000,4993.94,0.9392162160824438,0.7091258633801205,0.03166098706783734,0.1375753699657131
