n train,train time,train C,test C,train brier,test brier
10000,3850.54,0.9313621606396185,0.7310299734261687,0.032640858509533195,0.15950542593039813
10000,3716.18,0.9317425100057747,0.7354344782650806,0.03246210085543649,0.1389215839373007
