n train,train time,train C,test C,train brier,test brier
10000,2994.81,0.9202362422227786,0.6798402513172146,0.037161938206287916,0.16319682581351044
10000,3451.17,0.9218251826508157,0.6709636859740883,0.03642367863000131,0.156932796614054
10000,3492.31,0.9220972501411223,0.698002670608375,0.03652883823938884,0.15813653899610908
