n train,train time,train C,test C,train brier,test brier
5000,1352.23,0.9281270583778113,0.6658586801302284,0.036356866306254586,0.15947542951734198
5000,1350.39,0.9295259938559686,0.6930336942478039,0.03651576879217883,0.15490718461738984
5000,1356.5,0.9271974220627457,0.6678658890109985,0.03582348479495173,0.15745873842263058
5000,1350.39,0.926082037848561,0.6764463469679252,0.03661192575769666,0.16237818114895003
5000,1330.08,0.9274931479429098,0.6750443677753932,0.03660792803944856,0.15495323333884503
