n train,train time,train C,test C,train brier,test brier
5000,2982.92,0.937752492092031,0.6209608818765513,0.03850952412501791,0.15612612441943133
5000,2869.17,0.9425260872490211,0.6229523829459636,0.038392019030396844,0.16529419516049
5000,2683.91,0.940614139199233,0.6113262409710843,0.03826156449582542,0.1632617400301118
5000,2506.99,0.9418603287799674,0.6122789323075479,0.03779343586113641,0.1791410214051909
5000,2722.41,0.9412588251708962,0.6289709852259202,0.03759084920575394,0.17128040686925516
