n train,train time,train C,test C,train brier,test brier
10000,10786.48,0.947183850776418,0.7022841349513946,0.03164229034874091,0.12795676820661217
10000,5692.88,0.9410405801876672,0.7151515973621086,0.03149709711475387,0.1479511885387496
