n train,train time,train C,test C,train brier,test brier
8000,3454.72,0.9409087945823362,0.6958577060520806,0.03217648229318972,0.13557712303397101
8000,3576.81,0.9413331805051948,0.6927287084857452,0.03239079344468606,0.1281953603757078
8000,3611.19,0.9417006181673422,0.7123843887837621,0.03186462473754145,0.14885731404609695
8000,3194.7,0.9405963892104765,0.7070091037941562,0.03269998678736813,0.14042112095263903
8000,3536.95,0.940191487631113,0.7036109724554159,0.03249884054932541,0.12997852463002119
