n train,train time,train C,test C,train brier,test brier
5000,2582.61,0.9466700933088577,0.6998248087851985,0.031931931841985735,0.13608262310744518
5000,2681.27,0.9469142346520159,0.6905253555771378,0.0324383977041271,0.13212196586258088
5000,2521.15,0.9462560571560212,0.7051521173441128,0.032119448668625185,0.1509323012433893
5000,2465.7,0.9472141190657076,0.7012488188690217,0.0326292069500235,0.14082812570877085
5000,3115.28,0.9461670017064355,0.6934360393883015,0.03197596400564501,0.13374910720646202
