n train,train time,train C,test C,train brier,test brier
8000,3943.11,0.9215468564683413,0.6688358786768256,0.03405373670797795,0.13865373753688937
8000,4074.88,0.9227675412607446,0.6886942550092792,0.03517319628968455,0.14707181654934853
