n train,train time,train C,test C,train brier,test brier
8000,6494.96,0.9316072179135273,0.6434092191398098,0.03433386988289562,0.16361399667020837
8000,4619.2,0.9319323791905717,0.6267235904471108,0.03463775975092081,0.16391017572857805
8000,4465.48,0.9308529324443774,0.6250561425635488,0.03510922104618288,0.16057748069257713
