"n.train","train.C","test.C"
100,0.758038768529076,0.83513031498913
100,0.740732419680971,0.862090837660713
100,0.830819672131148,0.869744259970981
100,0.808969004176742,0.78435591063037
100,0.789169995561474,0.853673604439236
500,0.774917317105437,0.85400246129817
500,0.762848422478472,0.877708910378249
500,0.803984766696365,0.887181986332473
500,0.790674568283333,0.842226841718159
500,0.768921158551022,0.875153071431869
