n train,train time,train C,test C,train brier,test brier
8000,6191.84,0.9294348206822056,0.6560235553124388,0.03436120448801947,0.15420039708430044
8000,4999.07,0.9314763614662648,0.6310916975817917,0.03411882956750631,0.14840450172389502
8000,3712.9,0.9277981336658009,0.6470906391722715,0.03439108931503173,0.1352273510661644
