n train,train time,train C,test C,train brier,test brier
8000,4563.46,0.9319621056386499,0.6411654759833025,0.03477820833041171,0.14705517352296793
8000,4474.08,0.9305280286950043,0.6228830283865875,0.03502724739398681,0.14705075791558658
