n train,train time,train C,test C,train brier,test brier
10000,11022.66,0.945447366730814,0.7162625327251317,0.030471458835697827,0.14293176606478744
10000,5499.34,0.9382033950488334,0.7009612098524576,0.03131885279579248,0.13436936588700651
