n train,train time,train C,test C,train brier,test brier
8000,3419.68,0.939358443516559,0.71384573172823,0.03126926257567749,0.1417251888818161
8000,3516.36,0.9392143306644901,0.7019688600280138,0.031334526978008884,0.13297815438818764
8000,3430.18,0.9383334875297872,0.6867026224484484,0.031578591760141966,0.13607020217820145
8000,3567.6,0.9384914416461226,0.7221705022915045,0.03134696548886537,0.13875338270054877
8000,3570.34,0.937589668531757,0.7155779099682833,0.03198851925721846,0.13530576405841283
