n train,train time,train C,test C,train brier,test brier
8000,3967.16,0.9403642981664483,0.7243898105730934,0.03143120049616563,0.12991041235099898
8000,4539.22,0.9410151624376247,0.7120369782070017,0.03183347506742809,0.1270612635797659
8000,4346.17,0.9395255868796234,0.7191893706635196,0.031645277832689535,0.1483071908020128
8000,3798.24,0.9404216987545143,0.7223456352667539,0.032479721721758247,0.13839655736684298
8000,4135.87,0.9401453481949578,0.725155420429278,0.03195150810750505,0.12830566809780267
