n train,train time,train C,test C,train brier,test brier
5000,3357.97,0.9303238899522976,0.6392645547758029,0.03320047245814399,0.17777152420054723
5000,3618.98,0.930584726358359,0.6839384034922237,0.03272292719539484,0.1837601181673361
5000,3684.47,0.9311127399302149,0.6640849954350727,0.03372213217486051,0.1649428443774134
5000,3262.4,0.9292089084531415,0.6686719767513977,0.033022883648070496,0.1606524757446149
5000,3211.78,0.9296405772159324,0.6671613430242928,0.03329351916110768,0.16078075301579603
