n train,train time,train C,test C,train brier,test brier
10000,10010.97,0.9460364217059761,0.7226729956906704,0.03055058438866089,0.1377014981804634
10000,4985.08,0.9400063767367735,0.6955157874248312,0.03142291644820509,0.13744445684368206
