n train,train time,train C,test C,train brier,test brier
10000,3144.83,0.9179334830082594,0.6880499182269708,0.03674647814097015,0.15876125007536904
10000,3090.57,0.9194768989040302,0.6809816613195041,0.03634805995617921,0.1523098059758141
