n train,train time,train C,test C,train brier,test brier
8000,3252.17,0.9152766815690828,0.6741809699543919,0.037452880610785576,0.17931757506233212
