n train,train time,train C,test C,train brier,test brier
8000,4854.89,0.9254918968869814,0.5344217822184406,0.04051362829431195,0.14991637991969672
8000,4509.58,0.9257139259208922,0.5257485325863545,0.04064508588685011,0.1637288387687754
8000,4380.78,0.9238172490350176,0.4978052575179458,0.04087892309114777,0.1791267625674069
8000,4148.51,0.9267442817718812,0.5176547650768274,0.040926463742987924,0.17232355841500102
8000,4131.1,0.9284349743993147,0.5125998935661165,0.040411039110511804,0.16856389534166638
