n train,train time,train C,test C,train brier,test brier
8000,2934.01,0.9263417998864192,0.6898570872368366,0.034598350360785554,0.14828261911646554
8000,2896.97,0.9283574244793593,0.7131062360742939,0.03503256141887238,0.15784238369124892
8000,2987.26,0.9262592962007969,0.7028892388866557,0.03481374303259101,0.14907249530827468
8000,2849.85,0.9280283809656137,0.7018856852578476,0.03439891442864767,0.14858186349370608
8000,2869.9,0.926962430721221,0.6890670982285787,0.03519995179218446,0.15389787599333196
