n train,train time,train C,test C,train brier,test brier
8000,4582.16,0.9206655771272318,0.5096864053647074,0.03923897461729207,0.15360567798111893
8000,4779.23,0.9255610303259943,0.5480810684480184,0.04006400547372819,0.15571881784342864
