n train,train time,train C,test C,train brier,test brier
8000,4582.16,0.9206655771272318,0.5096864053647074,0.03923897461729207,0.15360567798111893
8000,4779.23,0.9255610303259943,0.5480810684480184,0.04006400547372819,0.15571881784342864
8000,5110.04,0.925051593565277,0.5358506143130286,0.03981513271641699,0.18828904129900756
8000,4723.22,0.9255311681463729,0.5291002130040464,0.039925295494154876,0.15745990657426337
8000,4647.21,0.9252880770092589,0.5219426100646766,0.039641767842880135,0.15392500261346317
