n train,train time,train C,test C,train brier,test brier
10000,6876.47,0.9388421729436,0.7427347617019492,0.03296115714080721,0.12747605195335088
10000,6667.31,0.9389464859875737,0.7478882663798757,0.03234801548439463,0.13409976454541753
