n train,train time,train C,test C,train brier,test brier
5000,1617.36,0.9401472070900289,0.7259037274550867,0.03328383984722068,0.13169931670509932
5000,1547.52,0.9391805601913382,0.7418705156715478,0.0322711057557611,0.13496083170078363
5000,1607.68,0.9382799340265983,0.738728211335959,0.03253276192224401,0.1754723463194408
5000,1583.98,0.9389922839588748,0.7357470525565055,0.03273991329722258,0.1481102773123892
5000,1568.71,0.9410666500934176,0.7362070938718737,0.033605801950403046,0.12583440868344853
