n train,train time,train C,test C,train brier,test brier
8000,2160.25,0.9358396212972425,0.7355097969550989,0.0332724519395197,0.12714194918125127
8000,2123.8,0.9334335389725531,0.744109781439711,0.033429247625013155,0.13496357419423263
8000,2132.41,0.9337938573077504,0.741686013505603,0.033266993957754634,0.15165914398587912
8000,2139.59,0.9342328548629028,0.7399557993537196,0.03320168991870109,0.14196322766961847
8000,2063.32,0.9340425504160944,0.7316336681603296,0.033041543179159756,0.12544336579559454
