n train,train time,train C,test C,train brier,test brier
10000,11344.51,0.9479290228652306,0.712729071551106,0.03163218232034522,0.1261358897939327
10000,10561.81,0.948797381223406,0.7221094090710859,0.03111455031797445,0.13750630132323863
