n train,train time,train C,test C,train brier,test brier
5000,3208.87,0.9497264651098465,0.7057282354713859,0.03165090300305905,0.13597500268717327
5000,2805.36,0.9489759008052391,0.7009907146033965,0.03207345455289525,0.1280225219576827
5000,2750.43,0.9478923465483772,0.7062802522138799,0.03180258774550544,0.151997204624775
5000,2336.36,0.9482236827622087,0.7126626326500944,0.032566113268248084,0.14057377826077347
5000,2654.4,0.947751690681982,0.6966329355175387,0.03162205223771018,0.13111295287197283
