n train,train time,train C,test C,train brier,test brier
5000,3619.92,0.9322748760886708,0.6053877187221467,0.037655990131254403,0.1859247000894606
5000,3861.99,0.9338082394459848,0.6167264105018715,0.03707058650865382,0.17222862889298085
5000,3880.62,0.9332853334349257,0.6284687265312386,0.03643122934376438,0.16567434544073734
