n train,train time,train C,test C,train brier,test brier
8000,4762.53,0.9243280652482302,0.48982756063690663,0.040809997896074514,0.19947341283171913
8000,4193.04,0.9253382620858179,0.46691278016181514,0.04033621591643897,0.19810274689488724
8000,4202.84,0.9240718384251677,0.4873722276335382,0.04062339405447688,0.19319107176097544
8000,4273.68,0.9272375954523694,0.49579128545878465,0.04022178406370983,0.20900964859094934
8000,4163.18,0.9265513854323842,0.48991027895896877,0.04058180961152078,0.23557110951918953
