n train,train time,train C,test C,train brier,test brier
8000,4336.07,0.9229636813045655,0.48382205957669544,0.040350458143551655,0.2300024574461601
8000,4450.68,0.9259098896761622,0.484591535110796,0.04082666332341815,0.19419993780265127
8000,4493.18,0.9239819018488165,0.48360199986043295,0.04017824710835047,0.22942006447667482
8000,4168.6,0.9232548355539711,0.46409628951333587,0.04029372865136753,0.21888072526655944
8000,4423.77,0.9246793117997031,0.4831086891582406,0.040336797373341046,0.19465626922238907
