n train,train time,train C,test C,train brier,test brier
8000,1861.93,0.9210899656307153,0.7064027532033209,0.034930790600893206,0.15081588535083426
8000,1888.43,0.9205791721327585,0.7224255356907116,0.03551054171682723,0.1429900636950538
8000,1845.62,0.9216543971309586,0.7009155337873504,0.035032962666087526,0.153169236877577
8000,1861.74,0.9185980887873154,0.7135311708430605,0.03584448386153364,0.1485435675346896
8000,1848.77,0.9195066545727919,0.7026862475009392,0.03576971230272292,0.14816390649291317
