n train,train time,train C,test C,train brier,test brier
10000,6051.21,0.9257689754648055,0.7128299188340798,0.03372861643659366,0.14666540809827391
10000,6001.85,0.9264636297734815,0.7351141717543127,0.034000006287660395,0.1441856376999696
