n train,train time,train C,test C,train brier,test brier
8000,6069.11,0.9299806741086972,0.648968667202424,0.0345453064933209,0.16974839233018205
8000,4794.54,0.9310756186560226,0.6277177137509431,0.0341879314800143,0.16840008681144342
8000,3842.54,0.9296690201912561,0.6349675480442831,0.03468966433025409,0.14601981480688375
