n train,train time,train C,test C,train brier,test brier
5000,3101.65,0.9370456172636685,0.60656280224198,0.03833634626525204,0.16051986613865765
5000,2868.91,0.9408626955917946,0.6279157392354012,0.038757899583055595,0.16426780376498715
5000,2606.64,0.9376930490594352,0.6101723859414303,0.038618556062436325,0.16583745287274523
5000,2611.37,0.939401237270134,0.6110217197541868,0.0382496726655472,0.18287823282106178
5000,2772.95,0.9404387701099229,0.6166495470881577,0.037299517163463955,0.17217218705623374
