n train,train time,train C,test C,train brier,test brier
10000,11783.58,0.9402217224317011,0.6233756869968904,0.0378691542631779,0.16433600561955278
