n train,train time,train C,test C,train brier,test brier
10000,11717.64,0.9465213817548814,0.7127767238797165,0.031398071041042724,0.12882694990981194
10000,6299.04,0.9403782779922237,0.7156399282876993,0.0315895847114817,0.14742419664481365
