n train,train time,train C,test C,train brier,test brier
5000,1801.85,0.9381183541336965,0.7314096184274116,0.032261827090480276,0.13277770759524743
5000,1750.19,0.9365509414415154,0.7356650553080978,0.03145245602436821,0.13429025158794528
5000,1825.69,0.9376179178000907,0.7394903037545754,0.03133988608198718,0.17803265076987648
5000,1770.92,0.9372524619919427,0.741078425329964,0.03174072002297944,0.14501466030448285
5000,1787.95,0.9380947891528085,0.7304231849354262,0.03248273660930007,0.12643901536366103
