n train,train time,train C,test C,train brier,test brier
8000,3712.71,0.919924649345964,0.500280187195337,0.04225276951674084,0.2176302735182893
8000,3652.56,0.9198425272603042,0.5063649069295724,0.04239239140968517,0.20235126330307465
8000,3641.99,0.9203947567876886,0.5029593009086795,0.041998555863474056,0.21333244372506244
8000,3813.51,0.917824567707261,0.5202279473694467,0.042811698382562186,0.18610963356793103
8000,3891.63,0.9191153163819603,0.4890002664107968,0.04202599148719543,0.19264672800802832
